{"cameraMode":{"drawMode":0,"name":"Shaded","section":"Shading Mode"},"sceneLighting":false,"audioPlay":false,"sceneViewState":{"m_AlwaysRefresh":false,"showFog":true,"showSkybox":false,"showFlares":true,"showImageEffects":true,"showParticleSystems":true,"showVisualEffectGraphs":true,"m_FxEnabled":true},"in2DMode":false,"pivot":{"x":4.269012451171875,"y":3.4879913330078127,"z":3.4859619140625},"rotation":{"x":-0.18228287994861604,"y":0.005011816509068012,"z":-0.0009290051530115306,"w":-0.9832354187965393},"size":11.107245445251465,"orthographic":false}