{"cameraMode":{"drawMode":0,"name":"Shaded","section":"Shading Mode"},"sceneLighting":true,"audioPlay":false,"sceneViewState":{"m_AlwaysRefresh":false,"showFog":true,"showSkybox":true,"showFlares":true,"showImageEffects":true,"showParticleSystems":true,"showVisualEffectGraphs":true,"m_FxEnabled":true},"in2DMode":false,"pivot":{"x":50.61000061035156,"y":1.5980000495910645,"z":57.279998779296878},"rotation":{"x":-0.12303680181503296,"y":0.24158751964569093,"z":0.030902298167347909,"w":0.9621350765228272},"size":1.2247449159622193,"orthographic":false}