{"cameraMode":{"drawMode":0,"name":"Shaded","section":"Shading Mode"},"sceneLighting":false,"audioPlay":false,"sceneViewState":{"m_AlwaysRefresh":false,"showFog":true,"showSkybox":false,"showFlares":true,"showImageEffects":true,"showParticleSystems":true,"showVisualEffectGraphs":true,"m_FxEnabled":true},"in2DMode":false,"pivot":{"x":-0.35178375244140627,"y":1.458629846572876,"z":0.18270587921142579},"rotation":{"x":0.33096903562545779,"y":-0.13247710466384889,"z":0.046904247254133227,"w":0.9331998825073242},"size":16.712310791015626,"orthographic":false}